pathway,compartment,Equation,reaction_ids,13C_mfa_flux,StdErr,13C_mfa_flux_95%_lower_bound,13C_mfa_flux_95%_upper_bound
substrate_uptake,cytosol,Oleic Acid -> 9 AC,OCDCEAt,100,6.54E-11,100,100
emp,cytosol,G6P <-> F6P,PGI,-192.3834,14.4521,-259.4513,0
emp,cytosol,F6P + ATP <-> FBP,PFK or reverse_FBP,-75.9087,5.7024,-98.0416,-6.976
emp,cytosol,FBP <-> DHAP + GAP,FBA,-75.9087,5.7024,-98.0416,-6.976
emp,cytosol,DHAP <-> GAP,TPI,-75.9087,5.7024,-337.7775,-13.5021
emp,cytosol,GAP <-> G3P + ATP + NADH,GAPD,-100.7287,7.5669,-244.3168,-41.9351
emp,cytosol,G3P <-> PEP,ENO,-128.98,9.6892,-342.6249,-42.6334
emp,cytosol,PEP <-> PYRcyt + ATP,PYK,33.7221,252.5395,NaN,1.58E+03
pentose_phosphate,cytosol,G6P -> PG6 + NADPH,G6PDH2,192.3834,14.4521,0,259.4513
pentose_phosphate,cytosol,PG6 -> P5P + CO2 + NADPH,GND,192.3834,14.4521,0,259.4513
pentose_phosphate,cytosol,P5P + P5P <-> S7P + GAP,TKT1,67.4448,5.0665,7.5832,89.7892
pentose_phosphate,cytosol,S7P + GAP <-> E4P + F6P,TALA,67.4448,5.0665,7.5832,89.7892
pentose_phosphate,cytosol,E4P + P5P <-> F6P + GAP,TKT2,49.0299,3.6832,-19.0583,70.8859
glycerol_formation,cytosol,DHAP + NADH <-> GLYC,G3PD1ir,1.21E-06,4.91E-10,1.18E-14,107.6432
transport,extracellular,GLYC -> GLYC_EX,reverse_GLYCt,1.21E-06,4.91E-10,0,107.6432
transport,mitochondria,PYRcyt -> PYRmit,PYRt2m,1.82E-06,2.62E-10,0,192.5497
tca_cycle,mitochondria,PYRmit -> ACCOAmit + CO2 + NADH,PDHm,1.95E-06,7.74E-11,0,88.8418
tca_cycle,mitochondria,ACCOAmit + OAAmit -> CITmit,CSm,493.7672,30.5167,53.1154,552.0542
tca_cycle,mitochondria,CITmit <-> ICTmit,ACONTm,493.7672,30.5167,53.1154,552.0542
transport,mitochondria,ICTmit -> ICTcyt,CITtcm,373.4615,28.055,0,486.4347
tca_cycle,mitochondria,ICTmit -> AKG + CO2 + NADH,ICDHxm,120.3057,58.5718,0,185.5445
tca_cycle,mitochondria,ICTmit -> AKG + CO2 + NADPH,ICDHym,1.00E-07,7.36E-11,0,182.8288
tca_cycle,mitochondria,AKG -> 0.5*SUCmit + 0.5*SUCmit + CO2 + ATP + NADH,,58.7704,63.1944,0,138.7606
tca_cycle,mitochondria,SUCmit <-> FUMmit + UQH2,SUCD2_u6m and SUCD1m,432.233,35.1393,391.0321,515.1594
tca_cycle,mitochondria,0.5*FUMmit + 0.5*FUMmit <-> 0.5*MALmit + 0.5*MALmit,FUMm,438.6381,34.6582,399.0419,514.363
tca_cycle,mitochondria,MALmit <-> OAAmit + NADH,MDHm,386.7479,269.8825,268.9573,961.3295
anaplerotic,mitochondria,MALmit <-> PYRmit + CO2 + NADH,ME1m,51.8903,254.895,-110.2883,211.1569
anaplerotic,mitochondria,MALmit <-> PYRmit + CO2 + NADPH,ME2m,6.13E-09,4.59E-10,-120.0702,216.6341
anaplerotic,cytosol,PYRcyt + CO2 + ATP -> OAAcyt,PC,5.75E-04,3.59E-10,0,1.45E+03
anaplerotic,cytosol,OAAcyt + ATP -> PEP + CO2,PPCK,199.5318,248.388,83.5615,353.4222
acetate_metabolism ,cytosol,PYRcyt -> AA + CO2,PYRDC,1.00E-07,1.43E-10,0,88.7592
acetate_metabolism ,cytosol,AA + NADH <-> ETOH,reverse_ALCD2x,0,0,0,0
acetate_metabolism ,cytosol,AA -> AC + NADH,ALDD2y,1.85E-06,1.00E-10,0,88.7667
acetate_metabolism ,cytosol,AA -> AC + NADPH,,1.62E-06,5.35E-11,0,87.495
acetate_metabolism ,cytosol,AC + ATP <-> ACCOAcyt,ACS or reverse_ACOAH,908.464,0.6358,905.5817,995.4023
transport,mitochondria,OAAmit <-> OAAcyt,reverse_OAAt2m,-173.9303,258.4923,-306.5492,760.0873
tca_cycle,cytosol,ACCOAcyt + OAAcyt -> ICTcyt,,0.001,0,0,487.1163
transport,mitochondria,ACCOAcyt <-> ACCOAmit,,526.5364,28.055,NaN,593.3973
glyoxylate_shunt,cytosol,0.5*ICTcyt + 0.5*ICTcyt -> 0.5*GLYOXYcyt + 0.5*GLYOXYcyt + 0.5*SUCcyt + 0.5*SUCcyt,ICL,373.4626,28.055,341.9258,487.0471
transport,mitochondria,SUCcyt -> SUCmit,SUCCtm,373.4626,28.055,341.9258,487.0471
glyoxylate_shunt,cytosol,ACCOAcyt + GLYOXYcyt -> MALcyt,MALSp,373.4626,28.055,315.0072,477.3042
tca_cycle,cytosol,MALcyt -> OAAcyt + NADH,MDH,373.4626,28.055,0,476.48
transport,mitochondria,MALcyt -> MALmit,MALtm or reverse_CITtam or reverse_DICtm,1.00E-07,9.93E-11,0,477.2919
amino_acid_formation,cytosol,G3P -> SER + NADH,,28.2513,2.1223,0,36.5029
amino_acid_formation,cytosol,GLYOXYcyt -> GLY,,1.00E-07,1.74E-10,0,73.3069
amino_acid_formation,cytosol,SER <-> GLY + MTHF,,12.5244,0.9408,-19.82,17.2396
amino_acid_formation,cytosol,CO2 + MTHF + NADH <-> GLY,,-0.2859,0.0215,-36.0231,1.7135
amino_acid_formation,cytosol,AKG + NADPH -> GLU,,232.4729,17.4637,219.9449,299.4449
amino_acid_formation,cytosol,GLU + ATP -> GLN,,43.292,3.2522,12.9508,NaN
amino_acid_formation,cytosol,GLU + ATP + 2*NADPH -> PRO,,9.7221,0.7303,2.9084,NaN
amino_acid_formation,cytosol,GLU + GLU + CO2 + GLN + ASP + 5*ATP + NADPH -> AKG + ARG + GLU + FUM,,9.9509,0.7475,2.9768,NaN
amino_acid_formation,cytosol,OAAcyt + GLU -> ASP + AKG,,1.45E-06,5.74E-11,0,98.864
amino_acid_formation,cytosol,OAAmit + GLU -> ASP + AKG,,66.911,5.0265,0,99.9605
amino_acid_formation,cytosol,ASP + GLN -> ASN + GLU,,11.209,0.842,3.3532,NaN
amino_acid_formation,cytosol,PYRcyt + GLU -> ALA + AKG,,1.4098,253.4119,0,21.224
amino_acid_formation,cytosol,PYRmit + GLU -> ALA + AKG,,15.4037,253.8739,0,NaN
amino_acid_formation,cytosol,ASP + 2*ATP + 2*NADPH -> THR,,21.7318,1.6325,2.3897,49.0814
amino_acid_formation,cytosol,THR <-> GLY + AA + NADH,,3.37E-06,1.40E-10,-4.2147,26.7788
amino_acid_formation,cytosol,SER + ACCOAcyt + 3*ATP + 4*NADPH -> CYS + AC,,2.0588,0.1547,0.6159,NaN
amino_acid_formation,cytosol,ASP + MTHF + ACCOAcyt + 2*NADPH -> MET + AC,,6.4052,0.4812,1.9161,NaN
amino_acid_formation,cytosol,AKG + ACCOAcyt + GLU + GLU -> LYS + CO2 + AKG + AKG,,1.00E-07,4.39E-11,0,NaN
amino_acid_formation,cytosol,AKG + ACCOAmit + GLU + GLU -> LYS + CO2 + AKG + AKG,,14.526,1.0912,0,NaN
amino_acid_formation,cytosol,PYRmit + PYRmit + GLU + NADPH -> VAL + CO2 + AKG,,1.55E-06,2.73E-11,0,NaN
amino_acid_formation,cytosol,PYRcyt + PYRcyt + GLU + NADPH -> VAL + CO2 + AKG,,12.6387,0.9494,0,NaN
amino_acid_formation,cytosol,PEP + PEP + E4P + GLU + ATP + NADPH -> PHE + CO2 + AKG,,9.9509,0.7475,2.9768,NaN
amino_acid_formation,cytosol,PEP + PEP + E4P + GLU + ATP + NADPH -> TYR + CO2 + AKG,,6.4052,0.4812,1.9161,NaN
amino_acid_formation,cytosol,SER + P5P + PEP + E4P + PEP + GLN + 3*ATP + NADPH -> TRP + CO2 + GAP + PYRcyt + GLU,,2.0588,0.1547,0.6159,NaN
amino_acid_formation,cytosol,P5P + MTHF + GLN + ASP + 5*ATP -> HIS + AKG + FUMmit + 2*NADH,,6.4052,0.4812,1.9161,NaN
amino_acid_formation,cytosol,PYRcyt + OAAcyt + GLU -> ILE + CO2 + AKG,,1.21E-06,7.13E-11,0,NaN
amino_acid_formation,cytosol,PYRmit + OAAmit + GLU -> ILE + CO2 + AKG,,1.23E-06,4.51E-11,0,NaN
amino_acid_formation,cytosol,PYRcyt + THR + GLU + NADPH -> ILE + CO2 + AKG,,9.093,0.6831,0,11.3089
amino_acid_formation,cytosol,PYRmit + THR + GLU + NADPH -> ILE + CO2 + AKG,,1.32E-06,5.70E-11,0,10.8236
amino_acid_formation,cytosol,ACCOAmit + PYRmit + PYRmit + GLU + NADPH -> LEU + CO2 + CO2 + AKG,,18.2433,1.3705,0,NaN
amino_acid_formation,cytosol,ACCOAcyt + PYRcyt + PYRcyt + GLU + NADPH -> LEU + CO2 + CO2 + AKG,,1.42E-06,2.46E-11,0,23.0288
transport,extracellular,CO2 -> CO2_EX,reverse_CO2t,704.3751,82.3049,NaN,791.6884
biomass_formation,cytosol,0.294*ALA + 0.174*ARG + 0.196*ASN + 0.196*ASP + 0.036*CYS + 0.239*GLN + 0.239*GLU + 0.214*GLY + 0.112*HIS + 0.159*ILE + 0.319*LEU + 0.254*LYS + 0.112*MET + 0.174*PHE + 0.17*PRO + 0.203*SER + 0.221*THR + 0.036*TRP + 0.112*TYR + 0.221*VAL -> Biomass,biomass_C,57.1889,4.2961,17.1081,NaN
energy_metabolism,cytosol,ATP -> ATP_maintenance,ATPM,1.05E+03,394.4976,0,1.51E+03
energy_metabolism,cytosol,NADH -> NADPH,,1.80E-06,3.28E-11,0,529.993
energy_metabolism,cytosol,NADH -> 2*ATP,,931.7956,132.83,695.5014,1.11E+03