pathway,compartment,13C_mfa_reaction,reaction_ids,13C_mfa_flux,13C_mfa_flux_95%_lower_bound,13C_mfa_flux_95%_upper_bound,Forward Flux,Backward Flux,Stdev
substrate_uptake,cytosol,Glucose(substrate) + ATP == G6P,GLCt1,0,,,[],[],
substrate_uptake,cytosol,Glycerol(substrate) == GLYC,reverse_GLYCt,0,,,[],[],
substrate_uptake,cytosol,Acetate(substrate) == AC,ACt2r,0,,,[],[],
substrate_uptake,cytosol,oleic_acid(substrate) == AC,OCDCEAt,100,,,[],[],
emp,cytosol,G6P == F6P,PGI,-77.4,,,70.1415,147.3525,
emp,cytosol,F6P + ATP == FBP,PFK or reverse_FBP,-65.7,,,7.80E+04,7.81E+04,
emp,cytosol,FBP == DHAP + GAP,FBA,-65.7,,,252.2214,318.2931,
emp,cytosol,DHAP == GAP,TPI,-65.7,,,0,66.0717,
emp,cytosol,GAP == G3P + ATP + NADH,GAPD,-130.5,,,337.113,467.5986,
emp,cytosol,G3P == PEP,ENO,-168.3,,,1110.7242,1279.2996,
emp,cytosol,PEP == PYRcyt + ATP,PYK,-1.8,,,150.2973,151.9533,
pentose_phosphate,cytosol,G6P == PG6 + NADPH,G6PDH2,51.3,,,[],[],
pentose_phosphate,cytosol,PG6 == P5P + CO2 + NADPH,,51.3,,,[],[],
pentose_phosphate,cytosol,P5P + P5P == S7P + GAP,,14.4,,,123.3387,108.5166,
pentose_phosphate,cytosol,S7P + GAP == E4P + F6P,,14.4,,,24.2802,9.4581,
pentose_phosphate,cytosol,E4P + P5P == F6P + GAP,,0,,,0,0,
glycerol_formation,cytosol,DHAP + NADH == GLYC,,0,,,344.4687,344.4687,
transport,extracellular,GLYC == GLYC_EX,EX_glyc(e),0,,,[],[],
transport,mitochondria,PYRcyt == PYRmit,PYRt2m,0,,,[],[],
tca_cycle,mitochondria,PYRmit == ACCOAmit + CO2 + NADH,PDHm,0,,,[],[],
tca_cycle,mitochondria,ACCOAmit + OAAmit == CITmit,CSm,437.4,,,[],[],
tca_cycle,mitochondria,CITmit == ICTmit,ACONTm,81,,,258.1758,176.8122,
transport,mitochondria,ICTmit == ICTcyt,CITtcm,9,,,[],[],
tca_cycle,mitochondria,ICTmit == AKG + CO2 + NADH,ICDHxm,0,,,[],[],
tca_cycle,mitochondria,ICTmit == AKG + CO2 + NADPH,ICDHym,72.9,,,[],[],
tca_cycle,mitochondria,AKG == SUCmit + CO2 + ATP + NADH,,23.4,,,[],[],
tca_cycle,mitochondria,SUCmit == FUMmit + UQH2,SUCD2_u6m and SUCD1m,387,,,518.8428,131.4,
tca_cycle,mitochondria,FUMmit == MALmit,FUMm,400.5,,,421.0407,20.4336,
tca_cycle,mitochondria,MALmit == OAAmit + NADH,MDHm,330.3,,,330.0507,0,
anaplerotic,mitochondria,MALmit == PYRmit + CO2 + NADH,ME1m,70.2,,,[],[],
anaplerotic,mitochondria,MALmit == PYRmit + CO2 + NADPH,ME2m,0,,,[],[],
anaplerotic,cytosol,PYRcyt + CO2 + ATP == OAAcyt,PC,0,,,[],[],
anaplerotic,cytosol,OAAcyt + ATP == PEP + CO2,PPCK,196.2,,,[],[],
acetate_metabolism ,cytosol,PYRcyt == AA + CO2,PYRDC,0,,,[],[],
acetate_metabolism ,cytosol,AA + NADH == ETOH,reverse_ALCD2x,0,,,[],[],
acetate_metabolism ,cytosol,AA == AC + NADH,ALDD2y,0,,,[],[],
acetate_metabolism ,cytosol,AA == AC + NADPH,,0,,,[],[],
acetate_metabolism ,cytosol,AC + ATP == ACCOAcyt,ACS or reverse_ACOAH,900,,,6108.507,5201.6949,
transport,extracellular,ETOH == ETOH_EX,rETOHt or reverse_ETOHt,0,,,[],[],
transport,extracellular,AC == AC_EX,reverse_ACt2r,0,,,[],[],
transport,mitochondria,OAAmit == OAAcyt,reverse_OAAt2m,-107.1,,,253.9944,360.9153,
tca_cycle,cytosol,ACCOAcyt + OAAcyt == ICTcyt,,0,,,[],[],
transport,mitochondria,ACCOAcyt == ACCOAmit,,451.8,,,754.8624,303.2082,
glyoxylate_shunt,cytosol,ICTcyt == GLYOXYcyt + SUCcyt,ICL,364.5,,,[],[],
transport,mitochondria,SUCcyt == SUCmit,SUCCtm,364.5,,,[],[],
glyoxylate_shunt,cytosol,ACCOAcyt + GLYOXYcyt == MALcyt,,364.5,,,[],[],
tca_cycle,cytosol,MALcyt == OAAcyt + NADH,MDH,364.5,,,1.27E+04,1.23E+04,
transport,mitochondria,MALcyt == MALmit,MALtm or reverse_CITtam or reverse_DICtm,0,,,[],[],
amino_acid_formation,cytosol,G3P == SER + NADH,,37.8,,,[],[],
amino_acid_formation,cytosol,GLYOXYcyt == GLY,,0,,,[],[],
amino_acid_formation,cytosol,SER == GLY + MTHF,,24.3,,,4.08E+04,4.08E+04,
amino_acid_formation,cytosol,CO2 + MTHF == GLY,,-5.4,,,0,5.5467,
amino_acid_formation,cytosol,AKG == GLU,,171.9,,,[],[],
amino_acid_formation,cytosol,GLU == GLN,,35.1,,,[],[],
amino_acid_formation,cytosol,GLU == PRO,,8.1,,,[],[],
amino_acid_formation,cytosol,GLU + GLU + CO2 + GLN + ASP == AKG + ARG + GLU + FUMmit,,8.1,,,[],[],
amino_acid_formation,cytosol,OAAcyt + GLU == ASP + AKG,,60.3,,,[],[],
amino_acid_formation,cytosol,OAAmit + GLU == ASP + AKG,,0,,,[],[],
amino_acid_formation,cytosol,ASP + GLN == ASN + GLU,,9,,,[],[],
amino_acid_formation,cytosol,PYRcyt + GLU == ALA + AKG,,0,,,[],[],
amino_acid_formation,cytosol,PYRmit + GLU == ALA + AKG,,13.5,,,[],[],
amino_acid_formation,cytosol,ASP == THR,,17.1,,,,,
amino_acid_formation,cytosol,THR == GLY + AA,,0,,,0,0,
amino_acid_formation,cytosol,SER + ACCOAcyt == CYS + AC,,1.8,,,[],[],
amino_acid_formation,cytosol,ASP + MTHF + ACCOAcyt == MET + AC,,5.4,,,[],[],
amino_acid_formation,cytosol,AKG + ACCOAcyt + GLU + GLU == LYS + CO2 + AKG + AKG,,11.7,,,[],[],
amino_acid_formation,cytosol,AKG + ACCOAmit + GLU + GLU == LYS + CO2 + AKG + AKG,,0,,,[],[],
amino_acid_formation,cytosol,PYRmit + PYRmit + GLU == VAL + CO2 + AKG,,9.9,,,[],[],
amino_acid_formation,cytosol,PYRcyt + PYRcyt + GLU == VAL + CO2 + AKG,,0,,,[],[],
amino_acid_formation,cytosol,PEP + PEP + E4P + GLU == PHE + CO2 + AKG,,8.1,,,[],[],
amino_acid_formation,cytosol,PEP + PEP + E4P + GLU == TYR + CO2 + AKG,,5.4,,,[],[],
amino_acid_formation,cytosol,SER + P5P + PEP + E4P + PEP + GLN == TRP + CO2 + GAP + PYRcyt + GLU,,1.8,,,[],[],
amino_acid_formation,cytosol,P5P + MTHF + GLN + ASP == HIS + AKG + FUMmit,,5.4,,,[],[],
amino_acid_formation,cytosol,PYRcyt + OAAcyt == ILE + CO2,,0,,,[],[],
amino_acid_formation,cytosol,PYRmit + OAAmit == ILE + CO2,,0,,,[],[],
amino_acid_formation,cytosol,PYRcyt + THR == ILE + CO2,,0,,,[],[],
amino_acid_formation,cytosol,PYRmit + THR == ILE + CO2,,7.2,,,[],[],
amino_acid_formation,cytosol,PYRcyt + PYRcyt == ISVb + CO2,,0,,,[],[],
amino_acid_formation,cytosol,PYRmit + PYRmit == ISVb + CO2,,14.4,,,[],[],
amino_acid_formation,cytosol,ISVb + ACCOAmit == LEU + CO2,,14.4,,,[],[],
amino_acid_formation,cytosol,ISVb + ACCOAcyt == LEU + CO2,,0,,,[],[],
transport,extracellular,CO2 == CO2_EX,reverse_CO2t,486,,,[],[],
transport,cytosol,CO2_unlabeled + CO2 == CO2 + CO2_out,,0,,,[],[],
biomass_formation,cytosol,0.459*ALA+0.161*ARG+0.102*ASN+0.42*ASP+0.007*CYS+0.105*GLN+0.302*GLU+0.398*GLY+0.066*HIS+0.193*ILE+0.296*LEU+0.286*LYS+0.051*MET+0.134*PHE+0.165*PRO+0.185*SER+0.191*THR+0.028*TRP+0.102*TYR+0.265*VAL+1.7*G6P+0.808*F6P+0.4623*ACCOAcyt+0.231*P5P+0.216*MTHF == Biomass,biomass_C,45.9,,,[],[],
energy_metabolism,extracellular,ATP == ATP_EX,ATPM,985.5,,,[],[],
energy_metabolism,extracellular,NADH == NADPH,,-176.4,,,[],[],
energy_metabolism,extracellular,NADH == 2*ATP,,872.1,,,[],[],
energy_metabolism,extracellular,UQH2 == ATP,,387,,,[],[],