,Unnamed: 0,ID,Equation,reaction_ids,pathway,compartment,glucose_flux,glucose_LB,glucose_UB,glucose_GSM_flux,glucose_GSM_LB,glucose_GSM_UB,glucose_mfa_bound_feasibility,glycerol_flux,glycerol_LB,glycerol_UB,glycerol_GSM_flux,glycerol_GSM_LB,glycerol_GSM_UB,glycerol_mfa_bound_feasibility,oleic_acid_flux,oleic_acid_LB,oleic_acid_UB,oleic_acid_GSM_flux,oleic_acid_GSM_LB,oleic_acid_GSM_UB,oleic_acid_mfa_bound_feasibility
0,uptake,uptake,Glucose + ATP -> G6P,reverse_EX_glc_e,substrate_uptake,cytosol,100.0,100.0,100.0,100.0,100.0,100.0,fully feasible,,,,0.0,0.0,0.0,,,,,0.0,0.0,0.0,
1,uptake,R3 glyc3p,GLYC + ATP -> Glyc3P,reverse_GLYCt,emp,cytosol,,,,0.0,-26.337973856394,0.0,,100.0,100.0,100.0,100.0,100.0,100.0,fully feasible,,,,0.0,-37.261931361470005,0.0,
2,uptake,R3 dhap net,Glyc3P <-> DHAP + UQH2,,emp,cytosol,,,,,,,,100.0,100.0,100.0,,,,,,,,,,,
3,uptake,OA uptake,OA + ATP -> 9*ACCOAcyt + 7*NADH + 7*FADH2,OCDCEAt,substrate_uptake,cytosol,,,,0.0,0.0,0.0,,,,,0.0,0.0,0.0,,100.0,100.0,100.0,100.0,100.0,100.0,fully feasible
4,glycolysis/gluconeogensis,R4 net,G6P <-> F6P,PGI,emp,cytosol,19.0701,9.1106,26.4376,29.434149788507,-189.076665806092,92.008809117108,fully feasible,-53.4932,-53.9377,-43.6888,-29.786347918884,-96.59922990701,-3.061031126043,fully feasible,-339.5114,-364.6709,-68.7166,-27.756661861919998,-510.79531269363,-24.703705559009997,fully feasible
5,glycolysis/gluconeogensis,R5 net,F6P + ATP <-> FBP,PFK or reverse_FBP,emp,cytosol,58.1522,54.5075,60.0425,38.023287887867,-333.833818629211,408.141889748797,fully feasible,-25.7077,-25.9036,-22.3616,-17.298567999943,-167.616886009141,148.398762508968,fully feasible,-155.8388,-164.5753,-72.8993,-51.89470549637,-727.46911833584,635.0955086408001,fully feasible
6,glycolysis/gluconeogensis,R6 net,FBP <-> DHAP + GAP,FBA,emp,cytosol,58.1522,54.5075,60.0425,38.023287887867,-333.833818629158,82.765252790432,fully feasible,-25.7077,-25.9036,-22.3616,-17.298567999943,-167.616886009535,-6.601781690751,fully feasible,-155.8388,-164.5753,-72.8993,-51.89470549637,-727.46911833634,-46.18680484819001,fully feasible
7,glycolysis/gluconeogensis,R7 net,DHAP <-> GAP,TPI,emp,cytosol,56.0581,52.2967,57.9386,57.028877176814,-12.226627743167,81.684051110451,fully feasible,73.1832,72.9801,76.2738,82.154577627501,59.368577737079,92.984063267216,fully feasible,-166.1655,-174.9867,-84.8931,-59.940888444829994,-232.85392697913,-53.347987825610005,fully feasible
8,glycolysis/gluconeogensis,R8 net,GAP <-> G3P + ATP + NADH,GAPD,emp,cytosol,132.6942,127.7652,136.6184,134.198401179059,67.365307248082,163.310642354473,fully feasible,60.8084,60.5224,63.6811,72.861603797588,51.969419459422,85.946116493362,fully feasible,-232.2966,-241.6603,-161.432,-112.79033644069999,-279.89046216273,-100.38452300914001,fully feasible
9,glycolysis/gluconeogensis,R9 net,G3P <-> PEP,ENO,emp,cytosol,128.7589,123.5216,133.1633,125.089066419588,-83.383119712163,163.310642354478,fully feasible,59.0959,58.7937,61.958,43.011013331055,-41.189235686341,85.946116493366,fully feasible,-239.6942,-246.5907,-168.0033,-112.79033644069999,-364.45416293424,-100.38452300913,fully feasible
10,glycolysis/gluconeogensis,R10 net,PEP <-> PYRcyt + ATP,PYK,emp,cytosol,126.638,119.064,133.9092,121.931260885896,0.0,478.920001257283,fully feasible,56.8037,56.4846,59.7938,41.725652299273,0.0,202.251853157599,fully feasible,17.8489,0.0,122.4435,0.0,0.0,681.2823134876401,fully feasible
11,glycolysis/gluconeogensis,R32,OAAcyt + ATP -> PEP + CO2,PPCK,anaplerotic,cytosol,2.2069,-2.1039e-07,10.8571,0.0,0.0,333.833818629831,partially feasible,5.3636e-05,0.0,1.8699,0.0,0.0,155.000544199732,fully feasible,266.3508,180.8993,353.7443,117.26240811815,104.36471135117,785.6470248558501,fully feasible
12,pentose phosphate,R11,G6P -> PG6 + NADPH,G6PDH2,pentose_phosphate,cytosol,61.7902,53.0971,72.5486,60.636136347915,0.0,281.085474923048,fully feasible,43.3558,33.3425,43.7412,25.744532448992,0.0,93.538198780654,fully feasible,282.8809,0.0,307.5759,0.0,0.0,486.0916071346,fully feasible
13,pentose phosphate,R12.2,PG6 -> Ru5P + CO2 + NADPH,GND,pentose_phosphate,cytosol,61.7902,53.0971,72.5486,61.638763399354,0.806889731413,281.892364654691,fully feasible,43.3558,33.3425,43.7412,26.152644261951,0.309079662761,93.847278443731,fully feasible,282.8809,0.0,307.5759,6.00478386074,5.34431745356,491.43592458836997,partially feasible
14,pentose phosphate,R13.2 net,Ru5P <-> R5P,reverse_RPI,pentose_phosphate,cytosol,22.7081,19.9633,26.1917,22.519523037362,1.857001532721,95.767680386349,fully feasible,15.5702,11.9901,15.7051,9.520752242617,0.711325705527,34.326811235666,fully feasible,99.2083,5.9959,107.4803,5.7546955760200005,5.12173638886,184.62767554369003,fully feasible
15,pentose phosphate,R14.2 net,Ru5P <-> X5P,RPE,pentose_phosphate,cytosol,39.0821,33.1287,46.3692,39.119240361992,-31.306399486069,186.340204814181,fully feasible,27.7856,21.08,28.0363,16.631892019335,-21.500546717822,61.956553144551,fully feasible,183.6726,-6.417,,0.25008828472,-54.01013091774,324.283652489,
16,pentose phosphate,R15.2 net,X5P <-> GAP + TKC2,TKT1 or TKT2,pentose_phosphate,cytosol,39.0821,33.1287,46.3692,39.119240361992,-37.119241488524,186.340204814185,fully feasible,27.7856,21.08,28.0363,16.631892019334998,-21.500546717815,61.956553144549,fully feasible,183.6726,-6.417,,0.2500882847199999,-54.01013091756,324.28365248876,
17,pentose phosphate,R16.2 net,E4P + TKC2 <-> F6P,TKT2,pentose_phosphate,cytosol,18.4591,15.4004,22.1648,18.770168797573,-22.10137291257,92.534771240021,fully feasible,13.3197,9.686,13.4417,7.994605751722,-10.993637396417,30.734912534762,fully feasible,89.6344,-6.0835,97.8278,-0.992973777,-28.00011254462,161.14677915922002,fully feasible
18,pentose phosphate,R17.2 net,R5P + TKC2 <-> S7P,TKT1,pentose_phosphate,cytosol,20.623,17.7271,24.2074,20.349071564419,-15.017868575954,93.805433574164,fully feasible,14.4658,11.1251,14.5944,8.637286267613,-10.506909321398,31.221640609787,fully feasible,94.0382,-0.3335,102.2678,1.2430620617199999,-26.01001837294,163.13687332954,fully feasible
19,pentose phosphate,R18.2 net,GAP + TAC3 <-> F6P,TALA,pentose_phosphate,cytosol,20.623,17.7271,24.2074,0.0,-399.574432810813,93.805433574179,fully feasible,14.4658,11.1251,14.5944,8.637286267613,-148.943743065043,31.221640609783,fully feasible,94.0382,-0.3335,102.2678,1.2430620617199999,-680.17597588638,163.13687332952998,fully feasible
20,pentose phosphate,R19.2 net,S7P <-> E4P + TAC3,TALA,pentose_phosphate,cytosol,20.623,17.7271,24.2074,0.0,-399.574432810813,93.805433574179,fully feasible,14.4658,11.1251,14.5944,8.637286267613,-148.943743065043,31.221640609783,fully feasible,94.0382,-0.3335,102.2678,1.2430620617199999,-680.17597588638,163.13687332952998,fully feasible
21,TCA cycle,R19,PYRmit -> ACCOAmit + CO2 + NADH,PDHm,tca_cycle,mitochondria,97.2122,89.87,104.1782,52.620859277759,0.0,189.889109081332,fully feasible,39.0157,38.3658,41.7468,13.676119988394,0.0,62.358799187346,fully feasible,1.1441e-06,0.0,94.2068,0.0,0.0,182.58346367135002,fully feasible
22,TCA cycle,R20,ACCOAmit + OAAmit -> CITmit,CSm,tca_cycle,mitochondria,37.5539,25.9802,53.2435,33.138901860722,0.0,358.417014493963,fully feasible,10.7887,10.1268,13.7921,5.583389264622,0.0,151.032974236512,fully feasible,360.1008,327.2418,411.074,384.36838697649,0.0,1226.74118354256,fully feasible
23,TCA cycle,R21 net,CITmit <-> ICTmit,ACONTm,tca_cycle,mitochondria,24.9035,12.0749,44.1709,21.604201497603,-988.960918745689,1000.0,fully feasible,6.7157,6.1747,9.9063,0.762204225769,-995.771472385337,1000.0,fully feasible,40.4389,16.7738,99.1315,2.65188678216,-9366.48583885049,10000.0,fully feasible
24,TCA cycle,R23,ICTmit -> AKG + CO2 + NADH,ICDHxm,tca_cycle,mitochondria,24.9035,0.0,44.1375,0.0,0.0,106.213533269401,fully feasible,6.7157,0.0,9.9046,0.0,0.0,39.503342409822,fully feasible,40.4389,0.0,99.0473,0.0,0.0,341.35033125816,fully feasible
25,TCA cycle,R24,ICTmit -> AKG + CO2 + NADPH,ICDHym,tca_cycle,mitochondria,1.0003e-07,0.0,16.3036,21.604201497603,0.0,96.206331747149,fully feasible,1.0333e-07,0.0,9.6441,0.762204225769,0.0,34.931831451545,fully feasible,1e-07,0.0,58.5908,2.65188678216,0.0,260.76586809519,fully feasible
26,TCA cycle,R25,AKG -> 0.5*SUCmit + 0.5*SUCmit + CO2 + ATP + NADH,AKGDam and AKGDbm,tca_cycle,mitochondria,13.1945,0.0,33.911,16.956833023475,0.0,100.25322810144,fully feasible,0.514,0.0,3.9092,0.0,0.0,37.586904029441,fully feasible,22.1173,0.0,82.1089,0.0,0.0,324.06107142311,fully feasible
27,TCA cycle,R26 net,SUCmit <-> FUMmit + UQH2,SUCD2_u6m and SUCD1m,tca_cycle,mitochondria,25.8449,13.2504,43.0323,0.0,0.0,146.276112600353,fully feasible,4.587,3.8791,7.8007,0.0,0.0,59.336852304605,fully feasible,341.7792,292.3138,394.498,0.0,0.0,878.6784184978799,fully feasible
28,TCA cycle,R27 net,0.5*FUMmit + 0.5*FUMmit <-> 0.5*MALmit + 0.5*MALmit,FUMm,tca_cycle,mitochondria,27.9841,15.5761,44.9021,19.421932790847,0.0,146.276112600286,fully feasible,5.72,5.0207,8.8957,0.0,0.0,59.33685230459,fully feasible,345.4435,297.0501,397.81,649.5058775746099,0.0,878.6784184974399,fully feasible
29,TCA cycle,R28 net,MALmit <-> OAAmit + NADH,MDHm,tca_cycle,mitochondria,37.5539,25.9802,53.2435,22.738276503592,-683.008754695607,471.736948047592,fully feasible,10.7887,10.1268,13.7921,0.0,-361.038447256253,335.761630899138,fully feasible,360.1008,327.2418,411.074,373.78648466507997,-1320.13708981581,1341.29130298391,fully feasible
30,pyruvate metabolism,R29 net,MALmit <-> PYRmit + CO2 + NADH,ME1m,anaplerotic,mitochondria,-9.5698,-10.4408,-3.1431,0.0,0.0,445.111758172942,not feasible,-5.0687,-5.2302,-4.4341,0.0,0.0,206.6673922664,not feasible,27.3159,-19.1378,125.1218,0.0,0.0,908.37641798541,partially feasible
31,pyruvate metabolism,R31,PYRcyt + CO2 + ATP -> OAAcyt,PC,anaplerotic,cytosol,4.0061,0.2378,9.4894,23.484759959357,0.0,465.170820861624,fully feasible,4.3243,3.9734,5.3991,17.509545860477,0.0,216.127009491236,fully feasible,17.9222,0.0,59.1076,159.20198428645,134.63355911103,1049.28864274213,not feasible
32,pyruvate metabolism,R35,AA -> AC + NADH,ALDD2y,acetate_metabolism ,cytosol,4.877e-06,0.0,1.2646,0.0,0.0,154.314389127153,fully feasible,1.9767,0.0,2.1254,0.0,0.0,65.72498251061,fully feasible,3.0535,0.0,22.9459,0.0,0.0,151.21551209284002,fully feasible
33,pyruvate metabolism,R36,AA -> AC + NADPH,,acetate_metabolism ,cytosol,2.3275,0.0,3.5916,,,,,1.0516e-07,0.0,2.1292,,,,,6.4687e-07,0.0,19.8208,,,,
34,pyruvate metabolism,R37 net,AC + ATP <-> ACCOAcyt,ACS or reverse_ACOAH,acetate_metabolism ,cytosol,2.8656,1.3051,4.1532,0.0,0.0,141.193451535008,fully feasible,2.2617,2.1078,2.416,0.244119359168,0.0,58.521730220961,fully feasible,4.6458,1.5225,24.9582,0.8493483504300001,0.0,152.27918440336998,fully feasible
35,glyoxylate shunt,R41.2 net,CITcyt <-> ICTcyt,,,,12.6504,8.2026,20.5329,,,,,4.073,3.7083,5.0014,,,,,319.6619,270.6279,388.9282,,,,
36,glyoxylate shunt,R43.2,ICTcyt -> GLYOXYcyt + SUCcyt,ICL,glyoxylate_shunt,cytosol,12.6504,8.2026,20.5329,2.465099767372,0.0,146.276112600324,fully feasible,4.073,3.7083,5.0014,0.0,0.0,59.336852304595,fully feasible,319.6619,270.6279,388.9282,396.62189081126,351.88253378453,814.3394858732399,partially feasible
37,glyoxylate shunt,R45,ACCOAcyt + GLYOXYcyt -> MALcyt,MALSp,glyoxylate_shunt,cytosol,12.6504,8.2026,20.5329,0.0,0.0,0.0,not feasible,4.073,3.7083,5.0014,0.0,0.0,0.0,not feasible,319.6619,270.6279,388.9282,0.0,0.0,0.0,not feasible
38,glyoxylate shunt,R46,MALcyt -> OAAcyt + NADH,MDH,tca_cycle,cytosol,12.6504,8.2018,19.8802,0.0,-500.902543747334,647.293458498474,fully feasible,4.073,3.7083,5.0021,10.493644800838,-328.26079667648,353.187109882011,fully feasible,277.6887,215.0099,377.3816,1018.14356976486,78.90401039921,2634.76814856967,fully feasible
39,compartment transport,R18,PYRcyt -> PYRmit,PYRt2m,transport,mitochondria,122.6567,115.4799,127.7402,91.357091082471,-330.752920828485,198.210564994179,fully feasible,52.4926,51.9279,55.3712,21.33041539333,-169.729166974433,65.546338558668,fully feasible,1.3301e-06,0.0,122.9633,6.71358659175,-901.62213186933,214.65363455219,fully feasible
40,compartment transport,R42 net,ACCOAcyt <-> ACCOAmit,,,,-56.9562,-66.6053,-47.9095,,,,,-26.7959,-27.8303,-25.7618,,,,,364.7645,309.7816,403.4137,,,,
41,compartment transport,cit transp,CITmit -> CITcyt,CITtam or CITtbm or CITtcm,transport,mitochondria,12.6504,8.2026,20.5329,-11.534700363119,-1390.467284487642,1068.937537387327,fully feasible,4.073,3.7083,5.0014,-4.821185038853,-1165.718486115474,1026.922443330657,fully feasible,319.6619,270.6279,388.9282,-381.71650019433,-10906.70362578662,10261.84738493253,fully feasible
42,compartment transport,R44,SUCcyt -> SUCmit,SUCCtm,transport,mitochondria,12.6504,8.2026,20.5329,0.0,0.0,146.276112600338,fully feasible,4.073,3.7083,5.0014,0.0,0.0,59.336852304605,fully feasible,319.6619,270.6279,388.9282,0.0,0.0,878.6784184978799,fully feasible
43,compartment transport,R47,MALcyt -> MALmit,MALtm or reverse_CITtam or reverse_DICtm,transport,mitochondria,0.0,0.0,6.8274,3.3163437127460007,-948.9300879700049,851.66364112778,fully feasible,1e-07,0.0,0.6253,7.950250656752999,-473.535412073946,495.77445146466005,fully feasible,41.9732,0.0,127.6832,-267.78937738029003,-3599.50682165585,2580.81630583796,fully feasible
44,amino acid biosynthesis,R48,G3P -> SER + NADH,,,,3.9353,3.2687,4.8503,,,,,1.7124,1.6,1.8109,,,,,7.3975,0.0,11.6523,,,,
45,amino acid biosynthesis,R50 net,SER <-> GLY + MTHF,,,,1.3931,0.8276,2.178,,,,,0.3659,0.2783,0.4438,,,,,3.54,-4.9492,6.6156,,,,
46,amino acid biosynthesis,R51 net,CO2 + MTHF + NADH <-> GLY,,,,0.2199,-0.3642,0.978,,,,,-0.2555,-0.3354,-0.1797,,,,,1.0683,-8.1261,3.3883,,,,
47,amino acid biosynthesis,R52,AKG + NADPH -> GLU,,,,44.0598,38.3172,48.4655,,,,,24.0804,23.2918,24.8334,,,,,75.897,69.4037,116.3546,,,,
48,amino acid biosynthesis,R53,GLU + ATP -> GLN,,,,6.9488,6.0771,7.5883,,,,,3.6805,3.5565,3.7977,,,,,11.5659,10.4739,15.1014,,,,
49,amino acid biosynthesis,R54,GLU + ATP + 2*NADPH -> PRO,,,,1.6888,1.4769,1.8442,,,,,0.8945,0.8643,0.923,,,,,3.9974,3.62,5.2194,,,,
50,amino acid biosynthesis,R55,GLU + GLU + CO2 + GLN + ASP + 5*ATP + NADPH -> AKG + ARG + GLU + FUMmit,,,,1.4636,1.28,1.5983,,,,,0.7752,0.7491,0.7999,,,,,2.665,2.4133,3.4796,,,,
51,amino acid biosynthesis,R56,OAAcyt + GLU -> ASP + AKG,,,,14.4496,12.1811,16.4515,,,,,8.3972,8.1141,8.6688,,,,,29.2601,25.0586,56.466,,,,
52,amino acid biosynthesis,R58,ASP + GLN -> ASN + GLU,,,,1.8577,1.6246,2.0286,,,,,0.9839,0.9508,1.0153,,,,,2.9981,2.715,3.9145,,,,
53,amino acid biosynthesis,R60,PYRmit + GLU -> ALA + AKG,,,,4.2783,3.7416,4.672,,,,,2.266,2.1897,2.3382,,,,,6.3293,5.7317,8.264,,,,
54,amino acid biosynthesis,R61,ASP + 2*ATP + 2*NADPH -> THR,,,,6.3862,4.6986,7.8555,,,,,4.1264,3.9506,4.3062,,,,,13.0638,9.5718,35.7625,,,,
55,amino acid biosynthesis,R62 net,THR <-> GLY + AA + NADH,,,,2.3275,0.7806,3.5907,,,,,1.9767,1.8243,2.1292,,,,,3.0535,0.0,22.9009,,,,
56,amino acid biosynthesis,R63,SER + ACCOAcyt + 3*ATP + 4*NADPH -> CYS + AC,,,,0.0405,0.0354,0.0443,,,,,0.0215,0.0207,0.0222,,,,,0.1199,0.1086,0.1566,,,,
57,amino acid biosynthesis,R64,ASP + MTHF + ACCOAcyt + 2*NADPH -> MET + AC,,,,0.4976,0.4352,0.5434,,,,,0.2636,0.2547,0.272,,,,,1.4724,1.3334,1.9225,,,,
58,amino acid biosynthesis,R65,AKG + ACCOAcyt + GLU + GLU -> LYS + CO2 + AKG + AKG,,,,2.7021,2.3631,2.9507,,,,,1.4312,1.383,1.4768,,,,,1.9987,1.81,2.6097,,,,
59,amino acid biosynthesis,R67,PYRmit + PYRmit + GLU + NADPH -> VAL + CO2 + AKG,,,,2.2517,1.9693,2.4589,,,,,1.1926,1.1525,1.2306,,,,,4.3306,3.9217,5.6543,,,,
60,amino acid biosynthesis,R69,PEP + PEP + E4P + GLU + ATP + NADPH -> PHE + CO2 + AKG,,,,1.4636,1.28,1.5983,,,,,0.7752,0.7491,0.7999,,,,,2.665,2.4133,3.4796,,,,
61,amino acid biosynthesis,R70,PEP + PEP + E4P + GLU + ATP + NADPH -> TYR + CO2 + AKG,,,,0.6755,0.5908,0.7377,,,,,0.3578,0.3457,0.3692,,,,,1.6656,1.5083,2.1747,,,,
62,amino acid biosynthesis,R71.2,SER + R5P + PEP + E4P + PEP + GLN + 3*ATP + NADPH -> TRP + CO2 + GAP + PYRcyt + GLU,,,,0.0248,0.0217,0.027,,,,,0.0131,0.0127,0.0135,,,,,0.0733,0.0664,0.0957,,,,
63,amino acid biosynthesis,R72.2,R5P + MTHF + GLN + ASP + 5*ATP -> HIS + AKG + FUMmit + 2*NADH,,,,0.6755,0.5908,0.7377,,,,,0.3578,0.3457,0.3692,,,,,0.9994,0.905,1.3048,,,,
64,amino acid biosynthesis,R76,PYRmit + THR + GLU + NADPH -> ILE + CO2 + AKG,,,,1.6888,1.4769,1.8442,,,,,0.8945,0.8643,0.923,,,,,2.9981,2.715,3.9145,,,,
65,amino acid biosynthesis,R77,ACCOAmit + PYRmit + PYRmit + GLU + NADPH -> LEU + CO2 + CO2 + AKG,,,,2.7021,2.3631,2.9507,,,,,1.4312,1.383,1.4768,,,,,4.6637,4.2233,6.0893,,,,
66,biomass formation,R80,,biomass_C or biomass_glucose or biomass_oil,biomass_formation,cytosol,11.2586,9.8463,12.2947,12.749804810283,10.260731110521,12.749804810287,partially feasible,5.9632,5.7623,6.1531,5.189712314807,3.930380060437,5.189712314803,not feasible,33.3121,30.1667,43.4949,30.54149730748,27.182236847090003,30.541497307390003,partially feasible
67,energy metabolism,R81,ATP -> ATP_maintenance,ATPM,energy_metabolism,cytosol,613.4628,436.2967,860.2141,0.0,0.0,333.833818628512,not feasible,343.5854,313.1712,379.0676,0.0,0.0,155.000544200411,not feasible,2733.8,987.094,3299.4,0.0,0.0,681.28231348847,not feasible
68,energy metabolism,R82,NADH -> NADPH,,,,33.5917,0.0,66.8334,,,,,5.6687e-06,0.0,22.0001,,,,,8.9105e-07,0.0,774.6812,,,,
69,energy metabolism,R83,NADH -> 2*ATP,,,,280.3469,210.3067,373.4674,,,,,122.3743,106.9632,135.114,,,,,1199.5,,1408.1,,,,
70,co2_formation,R79,CO2 -> CO2_EX,reverse_CO2t,transport,extracellular,198.2584,161.2777,248.6371,183.2194002799,103.43520770503,264.585165856008,fully feasible,87.2152,80.4334,94.3835,44.670110553886,0.0,85.028302776262,partially feasible,640.507,,749.9952,741.4774915743401,630.05820847013,857.90596196246,
