,Pathway,ID,Equation,reaction_ids,Location on map,Glucose MFA Flux,Glucose MFA LB,Glucose MFA UB,Glycerol MFA Flux,Glycerol MFA LB,Glycerol MFA UB,Oleic Acid MFA Flux,Oleic Acid MFA LB,Oleic Acid MFA UB,Glucose GSM LB,Glucose GSM UB,Glucose_mfa_bound_feasibility,Glycerol GSM LB,Glycerol GSM UB,Glycerol_mfa_bound_feasibility,Oleic Acid GSM LB,Oleic Acid GSM UB,Oleic Acid_mfa_bound_feasibility
0,uptake,gluc uptake,Glucose + ATP -> G6P,reverse_EX_glc_e,"(-1180, 1175)",100.0,100.0,100.0,,,,,,,100.0,100.0,fully feasible,0.0,-0.0,,0.0,-0.0,
1,uptake,glyc uptake,Glycerol -> GLYC,reverse_GLYCt,"(-1376, 417)",,,,100.0,100.0,100.0,,,,-26.574562684501,-0.0,,100.0,100.0,fully feasible,-67.58396579404,-0.0,
2,uptake,R3.2,GLYC + ATP -> DHAP + 1.5*ATP,,,,,,100.0,100.0,100.0,,,,,,,,,,,,
3,uptake,OA uptake,OA + ATP -> 9*ACCOAcyt + 8*NADH + 12*ATP,OCDCEAt,"(-55, 111)",,,,,,,100.0,100.0,100.0,0.0,-0.0,,0.0,-0.0,,100.0,100.0,fully feasible
4,glycolysis/gluconeogensis,R4 net,G6P <-> F6P,PGI,"(-1180, 960)",18.0496,9.7776,23.5421,-41.3947,-41.5761,-36.5906,-316.4244,-328.5227,-265.6116,-190.41219931118,92.008809117099,fully feasible,-96.832349075484,-3.061031126043,fully feasible,-549.76433512918,-24.44038384128,fully feasible
5,glycolysis/gluconeogensis,R5 net,F6P + ATP <-> FBP,PFK or reverse_FBP,"(-1180, 700)",56.7358,53.3682,59.0807,-20.6531,-20.7135,-19.0518,-145.0032,-149.0344,-128.0658,-336.832582026016,82.770172650021,fully feasible,-168.349223222154,-6.599897135173,fully feasible,-1099.3679183986,-47.47199509467001,fully feasible
6,glycolysis/gluconeogensis,R6 net,FBP <-> DHAP + GAP,FBA,"(-1184, 515)",56.7358,53.3682,59.0807,-20.6531,-20.7135,-19.0518,-145.0032,-149.0344,-128.0658,-336.832582026016,82.770172650021,fully feasible,-168.349223222154,-6.599897135173,fully feasible,-1099.3679183986,-47.47199509467001,fully feasible
7,glycolysis/gluconeogensis,R7 net,DHAP <-> GAP,TPI,"(-984, 273)",55.2387,51.7764,57.7436,78.7033,78.6429,80.3046,-154.4715,-158.5022,-137.4954,-12.701671229708,81.688970970036,fully feasible,59.230121017855,92.985947822796,fully feasible,-258.29393334751,-53.42416599183,fully feasible
8,glycolysis/gluconeogensis,R8 net,GAP <-> G3P + ATP + NADH,GAPD,"(-700, 250)",130.184,124.9031,135.6598,67.9337,67.8732,69.5346,-216.1739,-220.2022,-199.2371,66.844239722127,163.326714328695,fully feasible,51.840410914641,85.952272874061,fully feasible,-306.98557852091,-102.11581116523,fully feasible
9,glycolysis/gluconeogensis,R9 net,G3P <-> PEP,ENO,"(-980, 15)",125.5023,119.9423,131.5495,66.3897,66.3727,67.9837,-221.0187,-221.3559,-202.9666,-84.753205649474,163.326714328695,fully feasible,-41.544262103847,85.952272874061,fully feasible,-613.07082497621,-102.11581116523,fully feasible
10,glycolysis/gluconeogensis,R10,PEP -> PYRcyt + ATP,PYK,"(-967, -265)",141.5221,124.1435,192.5251,64.3948,64.3778,69.1182,72.3183,7.3808,151.0872,0.0,482.111869848323,fully feasible,0.0,203.047361611352,fully feasible,0.0,1051.89592330387,fully feasible
11,glycolysis/gluconeogensis,R32,OAAcyt + ATP -> PEP + CO2,PPCK,"(-1025, -645)",20.6609,5.9576,67.8345,1e-07,0.0,4.7191,303.245,234.0046,372.6671,0.0,336.832582026016,fully feasible,0.0,155.773886496262,fully feasible,106.16774818644001,1158.06367149031,fully feasible
12,pentose phosphate,R11,G6P -> PG6 + NADPH,G6PDH2,"(-754, 1175)",61.4256,55.2797,69.7142,32.5722,27.7687,32.7664,264.5017,213.6916,276.6021,0.0,282.421008428279,fully feasible,0.0,93.771317949441,fully feasible,0.0,525.3239512879,fully feasible
13,pentose phosphate,R12.2,PG6 -> Ru5P + CO2 + NADPH,GND,"(-324, 1175)",61.4256,55.2797,69.7142,32.5722,27.7687,32.7664,264.5017,213.6916,276.6021,0.806889731424,283.227898159703,fully feasible,0.309079662761,94.080397612202,fully feasible,4.44204413059,529.76599541849,fully feasible
14,pentose phosphate,R13.2 net,Ru5P <-> R5P,reverse_RPI,"(307, 912)",22.7394,20.7748,25.4892,11.8307,10.2296,11.8911,93.0805,76.1438,97.1138,1.852081673133,96.242723872877,fully feasible,0.709441149948,34.465267954889,fully feasible,4.92465495715,209.79442231283,fully feasible
15,pentose phosphate,R14.2 net,Ru5P <-> X5P,RPE,"(307, 809)",38.6862,34.4969,44.2129,20.7416,17.5389,20.8625,171.4212,137.4702,179.4883,-31.637819496988,187.23548034381,fully feasible,-21.628579774881,62.113850479107,fully feasible,-85.57068549466001,349.73335669871,fully feasible
16,pentose phosphate,R15.2 net,X5P <-> GAP + TKC2,TKT1 or TKT2,"(533, 302)",38.6862,34.4969,44.2129,20.7416,17.5389,20.8625,171.4212,137.4702,179.4883,-31.637819496988,187.23548034381,fully feasible,-21.628579774881,62.113850479107,fully feasible,-85.57068549466001,349.73335669871,fully feasible
17,pentose phosphate,R16.2 net,E4P + TKC2 <-> F6P,TKT2,"(524, 507)",18.1829,16.0389,20.9625,9.8721,8.2705,9.9325,83.2336,66.2589,87.2672,-22.293757458962,92.986314894242,fully feasible,-11.056157771341,30.815057355653,fully feasible,-44.86163456509,173.85369409405,fully feasible
18,pentose phosphate,R17.2 net,R5P + TKC2 <-> S7P,TKT1,"(524, 711)",20.5034,18.4557,23.2626,10.8695,9.2684,10.93,88.1876,71.2519,92.2211,-15.187484470832,94.249165449568,fully feasible,-10.57242200354,31.298793123454,fully feasible,-41.77235849203,175.87966260466,fully feasible
19,pentose phosphate,R18.2 net,GAP + TAC3 <-> F6P,TALA,"(524, 405)",20.5034,18.4557,23.2626,10.8695,9.2684,10.93,88.1876,71.2519,92.2211,-402.854199442539,94.249165449568,fully feasible,-149.756759765215,31.298793123454,fully feasible,-1051.12424446191,175.87966260466,fully feasible
20,pentose phosphate,R19.2 net,S7P <-> E4P + TAC3,TALA,"(528, 609)",20.5034,18.4557,23.2626,10.8695,9.2684,10.93,88.1876,71.2519,92.2211,-402.854199442539,94.249165449568,fully feasible,-149.756759765215,31.298793123454,fully feasible,-1051.12424446191,175.87966260466,fully feasible
21,TCA cycle,R19,PYRmit -> ACCOAmit + CO2 + NADH,PDHm,"(320, -226)",95.0346,86.5708,102.7381,52.2549,51.4316,53.9256,74.9436,46.1886,128.3347,0.0,190.520459938993,fully feasible,0.0,62.514211966294,fully feasible,0.0,350.21596752526,fully feasible
22,TCA cycle,R20,ACCOAmit + OAAmit -> CITmit,CSm,"(818, -383)",90.5674,81.7994,98.5574,31.3326,31.3156,32.9674,405.8852,405.5498,429.2104,0.0,361.230148209596,fully feasible,0.0,151.759521998975,fully feasible,0.0,1585.13522669655,fully feasible
23,TCA cycle,R21 net,CITmit <-> ICTmit,ACONTm,"(980, -618)",27.4115,12.8801,52.6177,24.3274,23.5168,26.0798,34.1172,15.3161,66.3199,-989.028784817544,1000.0,fully feasible,-995.797468530513,1000.0,fully feasible,-9647.48927725199,10000.0,fully feasible
24,TCA cycle,R23,ICTmit -> AKG + CO2 + NADH,ICDHxm,"(1154, -746)",4.1581,0.0,17.9927,24.3274,16.3798,26.0788,34.1172,0.0,66.3147,0.0,106.790732529459,fully feasible,0.0,39.661561133846,fully feasible,0.0,367.81689139468,fully feasible
25,TCA cycle,R24,ICTmit -> AKG + CO2 + NADPH,ICDHym,"(1154, -825)",23.2534,0.0,33.3564,1e-07,0.0,9.5709,1.1414e-07,0.0,63.649,0.0,96.691908670917,fully feasible,0.0,35.058889580419,fully feasible,0.0,367.81689139468,fully feasible
26,TCA cycle,R25,AKG -> 0.5*SUCmit + 0.5*SUCmit + CO2 + ATP + NADH,reverse_SUCOASm,"(971, -1014)",15.2777,0.0,42.8392,19.1117,18.301,20.8642,18.0822,0.0,50.6715,1e-12,100.922987352469,partially feasible,0.0,37.779186712616,fully feasible,0.0,350.21596752527,fully feasible
27,TCA cycle,R26 net,SUCmit <-> FUMmit + 1.5*ATP,SUCD2_u6m or SUCD1m,"(554, -1035)",31.32,18.2883,49.1089,25.9059,25.8889,27.5001,389.9602,389.6226,414.0268,0.0,147.279222364934,fully feasible,0.0,59.601024884294,fully feasible,316.71172102531,970.30476410251,fully feasible
28,TCA cycle,R27 net,0.5*FUMmit + 0.5*FUMmit <-> 0.5*MALmit + 0.5*MALmit,FUMm,"(273, -890)",33.6139,20.458,51.1638,26.8919,26.8749,28.4859,393.6254,393.2899,417.524,1e-12,147.279222364934,fully feasible,0.0,59.601024884294,fully feasible,0.0,970.30476410251,fully feasible
29,TCA cycle,R28 net,MALmit <-> OAAmit + NADH,MDHm,"(409, -643)",105.177,90.7265,112.1321,31.4005,31.3156,33.0513,434.698,410.3563,459.4386,-687.810116643557,473.753016887439,fully feasible,-362.343463071645,345.484587553099,fully feasible,-1854.09195486455,1995.33602643623,fully feasible
30,pyruvate metabolism,R29,MALmit -> PYRmit + CO2 + NADH,ME1m,"(222, -439)",1.8667,0.0,8.9577,0.8004,0.0,1.6748,27.4504,0.0,102.462,0.0,449.110109368022,fully feasible,0.0,207.698515328321,fully feasible,0.0,1402.5278977385099,fully feasible
31,pyruvate metabolism,R31,PYRcyt + CO2 + ATP -> OAAcyt,PC,"(-601, -596)",30.9347,20.8984,78.6512,5.4526,4.5762,8.8553,,,,0.0,469.054293567876,fully feasible,0.0,217.110332497681,fully feasible,0.0,1417.9362655854002,
32,pyruvate metabolism,R35,AA -> AC + NADH,ALDD2y,,1.5123,0.7008,2.4533,1.5869,1.3831,1.7423,7.4389,3.3732,17.1277,0.0,174.348435746676,fully feasible,0.0,67.264481874745,fully feasible,0.0,314.48954787709,fully feasible
33,pyruvate metabolism,R37 net,AC + ATP <-> ACCOAcyt,ACS or reverse_ACOAH,,3.659,2.7529,4.664,2.5096,2.3059,2.6546,11.495,7.4555,21.1836,0.0,161.385781783509,fully feasible,0.0,63.654286518189,fully feasible,0.0,315.448747455,fully feasible
34,pyruvate metabolism,ACL,CITcyt + ATP -> OAAcyt + ACCOAcyt,ATPCitL,,47.1571,32.9604,54.4316,0.2297,0.0,0.8827,,,,0.0,284.023355667155,fully feasible,0.0,132.334839713,fully feasible,0.0,1110.78517113083,
35,glyoxylate shunt,R41.2 net,CITcyt <-> ICTcyt,ACONT,"(1027, 38)",15.9988,5.3281,21.8434,6.7755,5.9554,7.755,371.7681,351.8825,412.8413,-989.028784817544,1000.0,fully feasible,-995.797468530513,1000.0,fully feasible,-9647.48927725199,10000.0,fully feasible
36,glyoxylate shunt,R43.2,ICTcyt -> GLYOXYcyt + SUCcyt,ICL,"(1589, 38)",15.9988,5.3281,21.8434,6.7755,5.9554,7.755,371.7681,351.8825,412.8413,0.0,147.279222364949,fully feasible,0.0,59.601024884292,fully feasible,177.53974584936,923.57284996837,fully feasible
37,glyoxylate shunt,R45,ACCOAcyt + GLYOXYcyt -> MALcyt,MALS,"(1078, 294)",15.9988,5.3281,21.8434,6.7755,5.9554,7.755,371.7681,351.8825,412.8413,0.0,113.283759607847,fully feasible,0.0,53.538439523941,fully feasible,0.0,629.65223019701,fully feasible
38,glyoxylate shunt,R46 net,MALcyt <-> OAAcyt + NADH,MDH,"(-511, -814)",-57.4309,-65.0364,-45.4365,1.4664,0.458,3.1383,303.245,236.0455,398.4399,-502.845050011977,651.594811195571,fully feasible,-328.836646511188,354.368292071066,fully feasible,-537.43335562681,3036.15749464436,fully feasible
39,compartment transport,R18,PYRcyt -> PYRmit,PYRt2m,"(-234, -230)",110.614,101.3447,118.4143,58.9536,58.1367,60.5901,72.3855,7.4303,150.8734,-334.464416949542,198.790757199068,fully feasible,-170.679734934312,65.682154980761,fully feasible,-1389.2600080807501,363.48385718301006,fully feasible
40,compartment transport,R42 net,ACCOAcyt <-> ACCOAmit,CSNATifm or reverse_CSNATirm,"(494, -94)",,,,-19.0021,-19.9564,-17.9197,337.8138,302.0063,368.9106,0.0,341.418409043244,,-0.0,143.397367072935,not feasible,0.0,1591.59746905951,fully feasible
41,compartment transport,cit transp,CITmit -> CITcyt,CITtam or CITtbm or CITtcm,"(1129, -302)",63.1559,38.3539,75.9242,7.0052,6.1852,8.1005,371.7681,351.8825,412.8249,-1284.023355667156,999.999999999974,fully feasible,-1132.334839712998,999.999999999999,fully feasible,-11015.90684666284,10000.0,fully feasible
42,compartment transport,R44,SUCcyt -> SUCmit,SUCCtm,"(1687, -677)",16.0422,5.3661,21.8879,6.7941,5.9741,7.7735,371.878,351.9898,412.9382,0.0,147.279222364944,fully feasible,0.0,59.601024884294,fully feasible,0.0,970.30476410251,fully feasible
43,compartment transport,R47,MALcyt -> MALmit,MALtm or reverse_CITtam or reverse_DICtm,"(-98, -843)",73.4297,56.0559,84.4483,5.309,4.2109,6.4196,68.523,11.7296,145.5017,-648.937023439555,505.502837768048,fully feasible,-334.308948904296,367.187129316124,fully feasible,-2203.37251606639,2008.2461117839798,fully feasible
44,amino acid biosynthesis,R48.2,G3P + GLU -> SER + AKG + NADH,,,4.6817,4.0146,5.1927,1.544,1.4715,1.6458,4.8447,0.0,6.8644,,,,,,,,,
45,amino acid biosynthesis,R50 net,SER <-> GLY + MTHF,,,1.9555,1.4835,2.3628,0.3722,0.2996,0.474,1.0024,-3.8421,3.037,,,,,,,,,
46,amino acid biosynthesis,R51.2 net,GLY <-> CO2 + MTHF + NADH,,,-0.6975,-1.0894,-0.2506,0.1686,0.0667,0.2463,1.4165,-0.6177,6.261,,,,,,,,,
47,amino acid biosynthesis,R52,AKG + NADPH -> GLU,,,50.6218,44.2859,54.9648,22.228,21.9286,22.3005,76.8755,72.4918,81.7168,,,,,,,,,
48,amino acid biosynthesis,R53,GLU + ATP -> GLN,,,7.331,6.4097,7.9445,3.1512,3.1093,3.1512,10.9099,10.4008,10.9094,,,,,,,,,
49,amino acid biosynthesis,R54,GLU + ATP + 2*NADPH -> PRO,,,1.8714,1.6362,2.028,0.8044,0.7937,0.8044,2.7488,2.6206,2.7487,,,,,,,,,
50,amino acid biosynthesis,R55.2,GLU + GLU + CO2 + GLN + ASP + ACCOAmit + 4*ATP + NADPH -> AKG + ARG + GLU + FUMmit + AC,,,1.5695,1.3723,1.7009,0.6747,0.6657,0.6747,2.5961,2.475,2.596,,,,,,,,,
51,amino acid biosynthesis,R56,OAAcyt + GLU -> ASP + AKG,,,1.5486e-06,0.0,10.8581,7.1488,6.6438,7.2937,1.0045e-07,0.0,36.5222,,,,,,,,,
52,amino acid biosynthesis,R56.m,OAAmit + GLU -> ASP + AKG,,,14.6095,4.3471,16.1884,0.0679,0.0,0.5752,28.8128,0.0,38.5006,,,,,,,,,
53,amino acid biosynthesis,R58,ASP + GLN + ATP -> ASN + GLU,,,2.0827,1.8209,2.257,0.8952,0.8833,0.8952,2.7488,2.6206,2.7487,,,,,,,,,
54,amino acid biosynthesis,R60,PYRmit + GLU -> ALA + AKG,,,4.2861,3.7474,4.6447,1.8423,1.8179,1.8423,5.9558,5.6779,5.9556,,,,,,,,,
55,amino acid biosynthesis,R61,ASP + 2*ATP + 2*NADPH -> THR,,,5.738,4.735,6.8378,3.4033,3.1995,3.5483,13.5475,9.4729,23.236,,,,,,,,,
56,amino acid biosynthesis,R62,THR -> GLY + AA,,,1.5123,0.7008,2.4533,1.5869,1.3831,1.7423,7.4389,3.3732,17.1277,,,,,,,,,
57,amino acid biosynthesis,R63.2,SER + ACCOAcyt + ASP + CO2 + 3*ATP + 4*NADPH -> CYS + AC + SUCcyt,,,0.0435,0.038,0.0471,0.0187,0.0184,0.0187,0.11,0.1048,0.1099,,,,,,,,,
58,amino acid biosynthesis,R64,ASP + MTHF + ACCOAcyt + ATP + 2*NADPH -> MET + AC,,,0.5336,0.4666,0.5783,0.2294,0.2263,0.2294,1.35,1.287,1.3499,,,,,,,,,
59,amino acid biosynthesis,R65,AKG + ACCOAcyt + GLU + GLU + 2*NADPH -> LYS + CO2 + AKG + AKG + 2*NADH,,,2.8373,2.4807,3.0747,1.2196,1.2034,1.2196,1.8326,1.7471,1.8325,,,,,,,,,
60,amino acid biosynthesis,R67,PYRmit + PYRmit + GLU + NADPH -> VAL + CO2 + AKG,,,2.7769,2.4279,3.0093,1.1936,1.1778,1.1936,3.8178,3.6397,3.8177,,,,,,,,,
61,amino acid biosynthesis,R69,PEP + PEP + E4P + GLU + ATP + NADPH -> PHE + CO2 + AKG,,,1.4488,1.2667,1.5701,0.6228,0.6145,0.6228,1.9853,1.8926,1.9852,,,,,,,,,
62,amino acid biosynthesis,R70,PEP + PEP + E4P + GLU + ATP + NADPH -> TYR + CO2 + AKG + NADPH,,,0.8451,0.7389,0.9159,0.3633,0.3585,0.3633,2.9016,2.7662,2.9014,,,,,,,,,
63,amino acid biosynthesis,R71.2,SER + R5P + PEP + E4P + PEP + GLN + 3*ATP + NADPH -> TRP + CO2 + GAP + PYRcyt + GLU,,,0.0266,0.0232,0.0288,0.0114,0.0113,0.0114,0.0672,0.0641,0.0672,,,,,,,,,
64,amino acid biosynthesis,R72.2,R5P + MTHF + GLN + ASP + 5*ATP -> HIS + AKG + FUMmit + 2*NADH,,,0.7244,0.6334,0.785,0.3114,0.3072,0.3114,1.069,1.0191,1.069,,,,,,,,,
65,amino acid biosynthesis,R76,PYRmit + THR + GLU + NADPH -> ILE + CO2 + AKG,,,1.811,1.5834,1.9626,0.7785,0.7681,0.7785,2.7488,2.6206,2.7487,,,,,,,,,
66,amino acid biosynthesis,R77,ACCOAmit + PYRmit + PYRmit + GLU + NADPH -> LEU + CO2 + CO2 + AKG + NADH,,"(-1670, -1049)",2.8976,2.5335,3.1401,1.2455,1.229,1.2455,4.276,4.0765,4.2758,,,,,,,,,
67,biomass formation,R80 gluc 1207 avg AA 10%lip,0.355*ALA + 0.13*ARG + 0.1725*ASN + 0.1725*ASP + 0.0036*CYS + 0.2425*GLN + 0.2425*GLU + 0.285*GLY + 0.06*HIS + 0.15*ILE + 0.24*LEU + 0.235*LYS + 0.0442*MET + 0.12*PHE + 0.155*PRO + 0.22*SER + 0.2*THR + 0.0022*TRP + 0.07*TYR + 0.23*VAL + 2.601*ACCOAcyt + 0.124*DHAP + 2.601*ATP + 5.203*NADPH + 0.124*NADH + 0.123*R5P + 0.152*ASP + 0.06*GLY + 1.7*G6P -> biomass + 0.076*FUM,biomass_oil,,12.0734,10.5561,13.0838,5.1897,5.1208,5.1897,30.5428,29.1175,30.5415,10.260731110521,12.777648209045,partially feasible,3.930380060437,5.199253518998,fully feasible,28.238334863240002,34.68157339835,fully feasible
68,energy metabolism,R81,ATP -> ATP_maintenance,ATPM,,778.4328,572.3917,1065.4,732.6892,728.5648,746.4218,4851.5,4808.5,5135.2,0.0,336.832582026016,not feasible,0.0,155.773886496251,not feasible,0.0,1051.89592330388,not feasible
69,energy metabolism,R82,NADH -> NADPH,,,1.5852e-06,0.0,43.7723,1e-07,0.0,9.5711,9.9877e-08,0.0,106.8288,,,,,,,,,
70,energy metabolism,R83,NADH -> 2.5*ATP,,"(-1670, -1155)",308.2874,249.0163,398.6019,204.2585,202.6647,208.1858,1490.7,1472.6,1584.2,,,,,,,,,
71,co2_formation,R79,CO2 -> CO2_EX,reverse_CO2t,,203.9726,170.8593,253.7334,129.7695,,132.0301,742.9558,743.0014,792.3085,102.985454444243,265.580456773461,fully feasible,-3e-12,85.309073891572,,479.4091608918,905.79462216259,fully feasible
