pathway,compartment,Equation,reaction_ids,genes
substrate_uptake,cytosol,Oleic Acid -> 9 AC,OCDCEAt,
substrate_uptake,cytosol,Glycerol -> GLYC,reverse_GLYCt,YALI0F00462g
substrate_uptake,cytosol,Glucose + ATP -> G6P,reverse_EX_glc(e),YALI0D01111g or YALI0D18876g or YALI0D00132g or YALI0B01342g or YALI0E23287g or YALI0B00396g or YALI0A01958g or YALI0A08998g
emp,cytosol,G6P <-> F6P,PGI,YALI0F07711g
emp,cytosol,F6P + ATP <-> FBP,PFK or reverse_FBP,YALI0D16357g YALI0A15972g
emp,cytosol,FBP <-> DHAP + GAP,FBA,YALI0E26004g
emp,cytosol,DHAP <-> GAP,TPI,YALI0F01584g and YALI0F05214g
emp,cytosol,GAP <-> G3P + ATP + NADH,GAPD,YALI0C06369g
emp,cytosol,G3P <-> PEP,ENO,YALI0F16819g
emp,cytosol,PEP <-> PYRcyt + ATP,PYK,YALI0F09185g
pentose_phosphate,cytosol,G6P -> PG6 + NADPH,G6PDH2,YALI0E22649g
pentose_phosphate,cytosol,PG6 -> P5P + CO2 + NADPH,GND,YALI0B15598g
pentose_phosphate,cytosol,P5P + P5P <-> S7P + GAP,TKT1,YALI0E06479g
pentose_phosphate,cytosol,S7P + GAP <-> E4P + F6P,TALA,YALI0F15587g
pentose_phosphate,cytosol,E4P + P5P <-> F6P + GAP,TKT2,YALI0E06479g
glycerol_formation,cytosol,DHAP + NADH <-> GLYC,G3PD1ir,YALI0B02948g
transport,extracellular,GLYC -> GLYC_EX,reverse_GLYCt,YALI0F00462g
transport,mitochondria,PYRcyt -> PYRmit,PYRt2m,
tca_cycle,mitochondria,PYRmit -> ACCOAmit + CO2 + NADH,PDHm,YALI0E27005g and YALI0F20702g
tca_cycle,mitochondria,ACCOAmit + OAAmit -> CITmit,CSm,YALI0E00638g or YALI0E02684g
tca_cycle,mitochondria,CITmit <-> ICTmit,ACONTm,YALI0D09361g or YALI0E14949g
transport,mitochondria,ICTmit -> ICTcyt,CITtcm,YALI0F26323g
tca_cycle,mitochondria,ICTmit -> AKG + CO2 + NADH,ICDHxm,YALI0E05137g and YALI0D06303g
tca_cycle,mitochondria,ICTmit -> AKG + CO2 + NADPH,ICDHym,YALI0F04095g
tca_cycle,mitochondria,AKG -> 0.5*SUCmit + 0.5*SUCmit + CO2 + ATP + NADH,,
tca_cycle,mitochondria,SUCmit <-> FUMmit + UQH2,SUCD2_u6m and SUCD1m,(YALI0A14784g and YALI0E29667g and YALI0D11374g and YALI0D23397g) or (YALI0E29667g and YALI0D11374g and YALI0D23397g) (YALI0A14784g and YALI0E29667g and YALI0D11374g and YALI0D23397g) or (YALI0E29667g and YALI0D11374g and YALI0D23397g)
tca_cycle,mitochondria,0.5*FUMmit + 0.5*FUMmit <-> 0.5*MALmit + 0.5*MALmit,FUMm,YALI0C06776g
tca_cycle,mitochondria,MALmit <-> OAAmit + NADH,MDHm,YALI0D16753g
anaplerotic,mitochondria,MALmit <-> PYRmit + CO2 + NADH,ME1m,YALI0E18634g
anaplerotic,mitochondria,MALmit <-> PYRmit + CO2 + NADPH,ME2m,YALI0E18634g
anaplerotic,cytosol,PYRcyt + CO2 + ATP -> OAAcyt,PC,YALI0C24101g
anaplerotic,cytosol,OAAcyt + ATP -> PEP + CO2,PPCK,YALI0C16995g
acetate_metabolism ,cytosol,PYRcyt -> AA + CO2,PYRDC,YALI0D10131g
acetate_metabolism ,cytosol,AA + NADH <-> ETOH,reverse_ALCD2x,YALI0E17787g
acetate_metabolism ,cytosol,AA -> AC + NADH,ALDD2y,YALI0C03025g
acetate_metabolism ,cytosol,AA -> AC + NADPH,,
acetate_metabolism ,cytosol,AC + ATP <-> ACCOAcyt,ACS or reverse_ACOAH,YALI0F05962g YALI0E30965g
transport,mitochondria,OAAmit <-> OAAcyt,reverse_OAAt2m,YALI0E04048g
tca_cycle,cytosol,ACCOAcyt + OAAcyt -> ICTcyt,,
transport,mitochondria,ACCOAcyt <-> ACCOAmit,,
glyoxylate_shunt,cytosol,0.5*ICTcyt + 0.5*ICTcyt -> 0.5*GLYOXYcyt + 0.5*GLYOXYcyt + 0.5*SUCcyt + 0.5*SUCcyt,ICL,YALI0C16885g or YALI0F31999g
transport,mitochondria,SUCcyt -> SUCmit,SUCCtm,YALI0B03344g
glyoxylate_shunt,cytosol,ACCOAcyt + GLYOXYcyt -> MALcyt,MALSp,YALI0D19140g or YALI0E15708g
tca_cycle,cytosol,MALcyt -> OAAcyt + NADH,MDH,YALI0D16753g and YALI0E14190g
transport,mitochondria,MALcyt -> MALmit,MALtm or reverse_CITtam or reverse_DICtm,YALI0B03344g YALI0F26323g YALI0B03344g
amino_acid_formation,cytosol,G3P -> SER + NADH,,
amino_acid_formation,cytosol,GLYOXYcyt -> GLY,,
amino_acid_formation,cytosol,SER <-> GLY + MTHF,,
amino_acid_formation,cytosol,CO2 + MTHF + NADH <-> GLY,,
amino_acid_formation,cytosol,AKG + NADPH -> GLU,,
amino_acid_formation,cytosol,GLU + ATP -> GLN,,
amino_acid_formation,cytosol,GLU + ATP + 2*NADPH -> PRO,,
amino_acid_formation,cytosol,GLU + GLU + CO2 + GLN + ASP + 5*ATP + NADPH -> AKG + ARG + GLU + FUM,,
amino_acid_formation,cytosol,OAAcyt + GLU -> ASP + AKG,,
amino_acid_formation,cytosol,OAAmit + GLU -> ASP + AKG,,
amino_acid_formation,cytosol,ASP + GLN -> ASN + GLU,,
amino_acid_formation,cytosol,PYRcyt + GLU -> ALA + AKG,,
amino_acid_formation,cytosol,PYRmit + GLU -> ALA + AKG,,
amino_acid_formation,cytosol,ASP + 2*ATP + 2*NADPH -> THR,,
amino_acid_formation,cytosol,THR <-> GLY + AA + NADH,,
amino_acid_formation,cytosol,SER + ACCOAcyt + 3*ATP + 4*NADPH -> CYS + AC,,
amino_acid_formation,cytosol,ASP + MTHF + ACCOAcyt + 2*NADPH -> MET + AC,,
amino_acid_formation,cytosol,AKG + ACCOAcyt + GLU + GLU -> LYS + CO2 + AKG + AKG,,
amino_acid_formation,cytosol,AKG + ACCOAmit + GLU + GLU -> LYS + CO2 + AKG + AKG,,
amino_acid_formation,cytosol,PYRmit + PYRmit + GLU + NADPH -> VAL + CO2 + AKG,,
amino_acid_formation,cytosol,PYRcyt + PYRcyt + GLU + NADPH -> VAL + CO2 + AKG,,
amino_acid_formation,cytosol,PEP + PEP + E4P + GLU + ATP + NADPH -> PHE + CO2 + AKG,,
amino_acid_formation,cytosol,PEP + PEP + E4P + GLU + ATP + NADPH -> TYR + CO2 + AKG,,
amino_acid_formation,cytosol,SER + P5P + PEP + E4P + PEP + GLN + 3*ATP + NADPH -> TRP + CO2 + GAP + PYRcyt + GLU,,
amino_acid_formation,cytosol,P5P + MTHF + GLN + ASP + 5*ATP -> HIS + AKG + FUMmit + 2*NADH,,
amino_acid_formation,cytosol,PYRcyt + OAAcyt + GLU -> ILE + CO2 + AKG,,
amino_acid_formation,cytosol,PYRmit + OAAmit + GLU -> ILE + CO2 + AKG,,
amino_acid_formation,cytosol,PYRcyt + THR + GLU + NADPH -> ILE + CO2 + AKG,,
amino_acid_formation,cytosol,PYRmit + THR + GLU + NADPH -> ILE + CO2 + AKG,,
amino_acid_formation,cytosol,ACCOAmit + PYRmit + PYRmit + GLU + NADPH -> LEU + CO2 + CO2 + AKG,,
amino_acid_formation,cytosol,ACCOAcyt + PYRcyt + PYRcyt + GLU + NADPH -> LEU + CO2 + CO2 + AKG,,
transport,extracellular,CO2 -> CO2_EX,reverse_CO2t,
biomass_formation,cytosol,0.247*ALA + 0.146*ARG + 0.1165*ASN + 0.165*ASP + 0.0305*CYS + 0.201*GLN + 0.201*GLU + 0.18*GLY + 0.0946*HIS + 0.134*ILE + 0.268*LEU + 0.213*LYS + 0.0946*MET + 0.146*PHE + 0.143*PRO + 0.171*SER + 0.186*THR + 0.0305*TRP + 0.0946*TYR + 0.061*VAL + 86.8*ATP + 0.534*G6P + 0.08*F6P + 2.02*ACCOAcyt + 0.231*P5P -> Biomass,biomass_C,
energy_metabolism,cytosol,ATP -> ATP_maintenance,ATPM,
energy_metabolism,cytosol,NADH -> NADPH,,
energy_metabolism,cytosol,NADH -> 2*ATP,,
